Painel Comercial - Contabilidade Horizonte,,,,,,
Reuniões da semana (topo) + leads por semana e taxas de conversão (embaixo),,,,,,
,,,,,,
Reuniões por Semana,,,,,,
Uma linha por cliente/oportunidade em cada semana. Atualize a Etapa do Funil conforme o cliente avança.,,,,,,
,,,,,,
Semana 1,,,,,,
Cliente,Data do Agendamento,Data da Reunião Realizada,Etapa do Funil,Observações,,Quem fez
Solange,,01/09/2026,Reunião Feita,Apenas tirar dúvidas,,Rafael
Rosangela,31/08,01/09/2026,Reunião Feita,Analisando com o Marido,,Rafael
Otávio,,01/09/2026,Fechado,Como MEI e em 3 meses pretende virar ME,,Rafael
Nilton,,02/09/2026,Reunião Feita,Quer fechar como MEI e se planejar para migrar,,Rafael
Sueli,,,Reunião Feita,Marido trocou de contabilidade a um dia e não tem interesse,,Rafael
Tatiane,,,Agendado,Falar no final do mês quer fechar,,Rafael
Raimundo,,,Reunião Feita,Pediu para retornar em 2 semanas que está analisando outras opções,,
Osvaldo e Reinaldo,,,Reunião Feita,Retornar em 2 semanas que são 3 ME´s,,
Hélio Bastos,,,Reunião Feita,Retornar em 1 semana que verá com a Esposa,,
Severino,,,Fechado,Gostou muito e vai falar com a esposa e pediu para retornarmos Terça para dar andamento,,
Wagner - Parceiro,,04/09,Fechado,,,
Ubirajara,,04/09,Reunião Feita,,,
,,,,,,
Semana 2,,,,,,
Cliente,Data do Agendamento,Data da Reunião Realizada,Etapa do Funil,Observações,,
Noemia,,07/07/2026,Reunião Feita,Falar em uma semana pros dois apps,,
Zenaide - Parceiro,,08/09/ 2026,Fechado,Irão conversar entre eles e decidirão amanhã ás 16:00,,
Marlene,,08/09/ 2026,Reunião Feita,"Não tinha orçamento e tirou dúvidas, quando o negócio alavancar, volta",,
Ivone,,09/09/2026,Reunião Feita,Vai ver com o Marido e retorna,,
Arnaldo,,09/09/2026,Follow Up,Fecha em Outubro,,
Teodoro,,09/09/2026,Reunião Feita,"Não tinha orçamento e tirou dúvidas, quando o negócio alavancar, volta",,
Marileide,,09/09/2026,Reunião Feita,"Não tinha orçamento e tirou dúvidas, quando o negócio alavancar, volta",,
Josefina,,10/09/2026,Reunião Feita,Vai fechar dia 15 quando termina o fluxo de pagamento dos clientes,,
Antônio Flávio ,,11/09/2026,Fechado,,,
Benedito,,,Reunião Feita,Voltar a falar com ele as 16,,
Wilson,,,Fechado,Falar com ele Terça feira e irá fechar,,
,,,,,,
,,,,,,
Semana 3,,,,,,
Cliente,Data do Agendamento,Data da Reunião Realizada,Etapa do Funil,Observações,,
Expedito - Parceiro,,,Fechado,Fechou MEI,,
Elias- Parceiro,,,Fechado,,,
Nair - Parceiro,,,Reunião Feita,Cotando valores para fechar MEI,,
Clóvis,15/09,15/09/2026,Reunião Feita,,,
Ney,15/09,16/09,Reunião Feita,Achou caro,,
Zilda,15/09,16/09,Reunião Feita,Desenquadrada na sua agência e analisa a contratação,,
Djalma,15/09,16/09,Reunião Feita,Calado a call inteira quase e agora está analisando,,
Valdir,17/09,17/09/,Reunião Feita,Gostou muito da Horizonte mas pechinchou muito,,
Jonas,14/09,17/09,Follow Up,Disse que fecharia amanhã quando recebesse um dinheiro,,
Lauro,17/09/2026,18/09/2026,Follow Up,Gostou muito pediu o contrato para analisar,,
Romildo,17/09/2026,18/09/2026,Follow Up,Follow up outubro - disse que fechava,,
Silvio,18/09/2026,18/09/2026,Fechado,,,
,,,,,,
Semana 4,,,,,,
Cliente,Data do Agendamento,Data da Reunião Realizada,Etapa do Funil,Observações,,
Nelson,21/09,21/09,Reunião Feita,"Irá fechar quando receber, falar toda semana",,
,,,,,,
,,,,,,
,,,,,,
,,,,,,
,,,,,,
,,,,,,
,,,,,,
,,,,,,
,,,,,,
,,,,,,
,,,,,,
,,,,,,
,,,,,,
,,,,,,
,,,,,,
,,,,,,
,,,,,,
,,,,,,
,,,,,,
Leads por Semana,,,,,,
Preencha manualmente o total de leads recebidos em cada semana (célula amarela).,,,,,,
,,,,,,
Semana,Leads Recebidos,,,,,
Semana 1,,,,,,
Semana 2,,,,,,
Semana 3,,,,,,
Semana 4,,,,,,
Total,,,,,,
,,,,,,
Métricas e Taxas de Conversão,,,,,,
Calculado automaticamente a partir das reuniões e dos leads lançados acima.,,,,,,
,,,,,,
Métrica,Semana 1,Semana 2,Semana 3,Semana 4,Total,Semana 3
Leads Recebidos,,,,,,
Reuniões Agendadas,10,10,10,1,31,10
Reuniões Realizadas,4,9,7,1,21,0
Vendas Fechadas,2,3,2,4,11,0
Perdidos,0,0,0,0,0,0
,,,,,,
Taxas de Conversão,,,,,,
Taxa Lead → Agendamento,"0,0%","0,0%","0,0%","0,0%","0,0%","0,0%"
Taxa Agendamento → Reunião,"40,0%","90,0%","70,0%","100,0%","67,7%","0,0%"
Taxa Reunião → Fechamento,"50,0%","33,3%","28,6%","400,0%","52,4%","0,0%"
Taxa Geral Lead → Fechamento,"0,0%","0,0%","0,0%","0,0%","0,0%","0,0%"
,,,,,,
Legenda,,,,,,
Amarelo = célula para você preencher (leads por semana),,,,,,
Azul = exemplo / valor de entrada,,,,,,
Preto = fórmula (não editar),,,,,,