"Início dos relatórios","Encerramento dos relatórios","Nome da campanha","Veiculação da campanha","Configuração de atribuição",Resultados,"Indicador de resultados","CTR (taxa de cliques no link)",Alcance,Frequência,"Custo por resultados","Orçamento do conjunto de anúncios","Tipo de orçamento do conjunto de anúncios","Valor gasto (BRL)",Término,Impressões,"CPM (custo por 1.000 impressões) (BRL)","Cliques no link",shop_clicks,"CPC (custo por clique no link) (BRL)","Cliques (todos)","CTR (todos)","CPC (todos) (BRL)","Visualizações da página de destino","Custo por visualização da página de destino (BRL)","Resultados (iniciais)","Indicador de resultados (inicial)"
2026-09-01,2026-09-24,"[TEST] [PUBLICO] [GT] - CADASTRO - 20/05/24",inactive,"Clique de 7 dias ou visualização de 1 dia",,,,0,0,,"Usando o orçamento do conjunto de anúncios",0,0,Contínuo,0,0,,,,0,0,0,,,,
2026-09-01,2026-09-24,"[NOVA] GT - 02/07/25",inactive,"Clique de 7 dias, visualização de 1 dia ou visualização com engajamento de 1 dia",,,,0,0,,"Usando o orçamento do conjunto de anúncios",0,0,Contínuo,0,0,,,,0,0,0,,,,
2026-09-01,2026-09-24,"WPP - GESTOR - 02/10/25",inactive,"Clique de 7 dias ou visualização de 1 dia",,,,0,0,,"Usando o orçamento do conjunto de anúncios",0,0,Contínuo,0,0,,,,0,0,0,,,,
2026-09-01,2026-09-24,"[GT] [WPP] [VENDAS] [28.10.25]",active,"Clique de 7 dias ou visualização de 1 dia",52,actions:onsite_conversion.messaging_conversation_started_7d,0.341402,49846,1.833407,43.30865385,97,Diário,2252.05,Contínuo,91388,24.642732,312,,7.218109,528,0.577756,4.265246,1,2252.05,,
2026-09-01,2026-09-24,"[GT] [VISITAS IG] [29.10.25]",inactive,"Clique de 1 dia",,,,0,0,,15,Diário,0,Contínuo,0,0,,,,0,0,0,,,,
2026-09-01,2026-09-24,"[GT] [VIDEOVIEW] [ENG] [29.10.25]",inactive,"Clique de 7 dias ou visualização de 1 dia",,,,0,0,,15,Diário,0,Contínuo,0,0,,,,0,0,0,,,,
2026-09-01,2026-09-24,"[GT] [RMKT] [WPP] [VENDAS] [03.11.25]",inactive,"Clique de 7 dias ou visualização de 1 dia",,,,0,0,,30,Diário,0,Contínuo,0,0,,,,0,0,0,,,,
2026-09-01,2026-09-24,"[INFO] [WPP] [VENDAS] [03.11.25]",inactive,"Clique de 7 dias ou visualização de 1 dia",,,,0,0,,75,Diário,0,Contínuo,0,0,,,,0,0,0,,,,
2026-09-01,2026-09-24,"[INFO] [RMKT] [WPP] [VENDAS] [04.01.16]",inactive,"Clique de 7 dias ou visualização de 1 dia",,,,0,0,,30,Diário,0,Contínuo,0,0,,,,0,0,0,,,,
2026-09-01,2026-09-24,"[GT] [FORM] [LEAD] [06.02.26]",inactive,"Clique de 7 dias ou visualização de 1 dia",,,,0,0,,100,Diário,0,Contínuo,0,0,,,,0,0,0,,,,
2026-09-01,2026-09-24,"[INFO] [FORM] [LEAD] [06.02.26]",inactive,"Clique de 7 dias ou visualização de 1 dia",,,,0,0,,100,Diário,0,Contínuo,0,0,,,,0,0,0,,,,
2026-09-01,2026-09-24,"[RMKT] GT - 30/04/26",inactive,—,,,,0,0,,20,Diário,0,Contínuo,0,0,,,,0,0,0,,,,
2026-09-01,2026-09-24,"[TEST] WPP - 30/04/26 - LAL ENGAJ",inactive,"Clique de 7 dias ou visualização de 1 dia",,,,0,0,,32.5,Diário,0,Contínuo,0,0,,,,0,0,0,,,,
2026-09-01,2026-09-24,"[TC] WPP - 13/05/26",inactive,"Clique de 7 dias ou visualização de 1 dia",,,,0,0,,"Usando o orçamento do conjunto de anúncios",0,0,Contínuo,0,0,,,,0,0,0,,,,
2026-09-01,2026-09-24,"[TC] WPP - 15/05/26",inactive,"Clique de 7 dias ou visualização de 1 dia",,,,0,0,,"Usando o orçamento do conjunto de anúncios",0,0,Contínuo,0,0,,,,0,0,0,,,,
2026-09-01,2026-09-24,"TEST - WPP - 19/05/26",inactive,"Clique de 7 dias ou visualização de 1 dia",,,,0,0,,40,Diário,0,Contínuo,0,0,,,,0,0,0,,,,
2026-09-01,2026-09-24,"[DISTRI CONT] TRAFEGO - 20/05/26",inactive,"Clique de 1 dia",,,,0,0,,"Usando o orçamento do conjunto de anúncios",0,0,Contínuo,0,0,,,,0,0,0,,,,
2026-09-01,2026-09-24,"TEST - WPP - 22/05/26",inactive,"Clique de 7 dias ou visualização de 1 dia",,,,0,0,,40,Diário,0,Contínuo,0,0,,,,0,0,0,,,,
2026-09-01,2026-09-24,"TEST ADV - WPP - 26/06/26",inactive,"Clique de 7 dias ou visualização de 1 dia",,,,0,0,,50,Diário,0,Contínuo,0,0,,,,0,0,0,,,,
2026-09-01,2026-09-24,"[TEST] CONV WPP - AFILIADO - 07/07/26",inactive,"Clique de 7 dias ou visualização de 1 dia",,,,0,0,,30,Diário,0,Contínuo,0,0,,,,0,0,0,,,,
2026-09-01,2026-09-24,"[TEST] PLANILHA - VENDAS - 24/07/26",inactive,"Clique de 7 dias, visualização de 1 dia ou visualização com engajamento de 1 dia",,,,0,0,,30,Diário,0,Contínuo,0,0,,,,0,0,0,,,,
2026-09-01,2026-09-24,"CBO - VENDAS - 27/07/26",inactive,"Clique de 7 dias, visualização de 1 dia ou visualização com engajamento de 1 dia",,,,0,0,,"Usando o orçamento do conjunto de anúncios",0,0,Contínuo,0,0,,,,0,0,0,,,,
2026-09-01,2026-09-24,"[TEST] AFILIADO WPP - 31/07/26",inactive,"Clique de 7 dias ou visualização de 1 dia",,,,0,0,,30,Diário,0,Contínuo,0,0,,,,0,0,0,,,,
2026-09-01,2026-09-24,"[AF] [WPP] [VENDAS] [01,08.26]",inactive,"Clique de 7 dias ou visualização de 1 dia",,,,0,0,,30,Diário,0,Contínuo,0,0,,,,0,0,0,,,,
2026-09-01,2026-09-24,"[GT] [WPP] [VENDAS] [18.08.26]",active,"Clique de 7 dias ou visualização de 1 dia",29,actions:onsite_conversion.messaging_conversation_started_7d,0.384412,34128,1.55497,48.24034483,"Usando o orçamento do conjunto de anúncios",0,1398.97,Contínuo,53068,26.361838,204,,6.857696,320,0.603,4.371781,,,,
2026-09-01,2026-09-24,"[TEST] - ENGAJ - VV - 16/02",inactive,"Clique de 7 dias ou visualização de 1 dia",,,,0,0,,"Usando o orçamento do conjunto de anúncios",0,0,Contínuo,0,0,,,,0,0,0,,,,
2026-09-01,2026-09-24,"[TEST] [VENDA] ENGAJ - DIRECT - 17/02",inactive,"Clique de 7 dias ou visualização de 1 dia",,,,0,0,,"Usando o orçamento do conjunto de anúncios",0,0,Contínuo,0,0,,,,0,0,0,,,,
2026-09-01,2026-09-24,"[TEST][GT] CADASTRO - 27/03",inactive,"Clique de 7 dias ou visualização de 1 dia",,,,0,0,,"Usando o orçamento do conjunto de anúncios",0,0,Contínuo,0,0,,,,0,0,0,,,,
2026-09-01,2026-09-24,"[TEST] GT - MANUTENÇAO - 29/03",inactive,"Clique de 7 dias ou visualização de 1 dia",,,,0,0,,"Usando o orçamento do conjunto de anúncios",0,0,Contínuo,0,0,,,,0,0,0,,,,
2026-09-01,2026-09-24,"[TEST] CADASTRO - RMKT - 01/04",inactive,"Clique de 7 dias ou visualização de 1 dia",,,,0,0,,"Usando o orçamento do conjunto de anúncios",0,0,Contínuo,0,0,,,,0,0,0,,,,
2026-09-01,2026-09-24,"[TEST] GT - CADASTRO - 19/04",inactive,"Clique de 7 dias ou visualização de 1 dia",,,,0,0,,"Usando o orçamento do conjunto de anúncios",0,0,Contínuo,0,0,,,,0,0,0,,,,
2026-09-01,2026-09-24,"[TEST][MANUTENÇÃO] GT - CADASTRO - 22/04",inactive,"Clique de 7 dias ou visualização de 1 dia",,,,0,0,,"Usando o orçamento do conjunto de anúncios",0,0,Contínuo,0,0,,,,0,0,0,,,,
2026-09-01,2026-09-24,"[TEST][RMKT] GESTOR TRÁFEGO - 15/05",inactive,"Clique de 7 dias ou visualização de 1 dia",,,,0,0,,"Usando o orçamento do conjunto de anúncios",0,0,Contínuo,0,0,,,,0,0,0,,,,
2026-09-01,2026-09-24,"[TEST] [CRIATIVO] - CADASTRO - 17/05/24",inactive,"Clique de 7 dias ou visualização de 1 dia",,,,0,0,,"Usando o orçamento do conjunto de anúncios",0,0,Contínuo,0,0,,,,0,0,0,,,,
2026-09-01,2026-09-24,"[TEST] [VISITAS PERFIL] - TRAFEGO - 01/07/24",inactive,"Clique de 7 dias ou visualização de 1 dia",,,,0,0,,"Usando o orçamento do conjunto de anúncios",0,0,Contínuo,0,0,,,,0,0,0,,,,
2026-09-01,2026-09-24,"[TEST] NUTRIÇÃO - ALCANCE - 12/07/24",inactive,"Clique de 7 dias ou visualização de 1 dia",0,reach,,0,0,,"Usando o orçamento do conjunto de anúncios",0,0,Contínuo,0,0,,,,0,0,0,,,,
2026-09-01,2026-09-24,"[TEST] CRIATIVO - CADASTRO - 15/07/24",inactive,"Clique de 7 dias ou visualização de 1 dia",,,,0,0,,"Usando o orçamento do conjunto de anúncios",0,0,Contínuo,0,0,,,,0,0,0,,,,
2026-09-01,2026-09-24,"[TEST] [SEGUIDORES] - TRÁFEGO - 19/08/24",inactive,"Clique de 7 dias ou visualização de 1 dia",,,,0,0,,"Usando o orçamento do conjunto de anúncios",0,0,Contínuo,0,0,,,,0,0,0,,,,
2026-09-01,2026-09-24,"[TRAFEGO] [L/T] - 31/10/24",inactive,"Clique de 7 dias ou visualização de 1 dia",,,,0,0,,"Usando o orçamento do conjunto de anúncios",0,0,Contínuo,0,0,,,,0,0,0,,,,
2026-09-01,2026-09-24,"[TEST] [ESTADOS] [GT] - CADASTRO - 15/01/25",inactive,"Clique de 7 dias ou visualização de 1 dia",,,,0,0,,"Usando o orçamento do conjunto de anúncios",0,0,Contínuo,0,0,,,,0,0,0,,,,
2026-09-01,2026-09-24,"[TEST] WD CADASTRO - 13/05/25",inactive,"Clique de 7 dias, visualização de 1 dia ou visualização com engajamento de 1 dia",,,,0,0,,"Usando o orçamento do conjunto de anúncios",0,0,Contínuo,0,0,,,,0,0,0,,,,
2026-09-01,2026-09-24,"[TEST] RD - CADASTRO - 13/05/25",inactive,"Clique de 7 dias, visualização de 1 dia ou visualização com engajamento de 1 dia",,,,0,0,,"Usando o orçamento do conjunto de anúncios",0,0,Contínuo,0,0,,,,0,0,0,,,,
2026-09-01,2026-09-24,"[TEST] INFOPRODUTOR - 02/07/25",inactive,"Clique de 7 dias, visualização de 1 dia ou visualização com engajamento de 1 dia",,,,0,0,,"Usando o orçamento do conjunto de anúncios",0,0,Contínuo,0,0,,,,0,0,0,,,,
2026-09-01,2026-09-24,"[TEST] INFO - 25/08/25",inactive,"Clique de 7 dias, visualização de 1 dia ou visualização com engajamento de 1 dia",,,,0,0,,60,Diário,0,Contínuo,0,0,,,,0,0,0,,,,
2026-09-01,2026-09-24,"Anúncio de Visitas ao perfil do Instagram: 🚨 Infoprodutor, talvez você esteja pagando 6%,...",inactive,"Clique de 7 dias ou visualização de 1 dia",,,,0,0,,5.37,Diário,0,Contínuo,0,0,,,,0,0,0,,,,
2026-09-01,2026-09-24,"Anúncio de Visitas ao perfil do Instagram: 🚨 Infoprodutor, cuidado com esses erros.
⠀...",inactive,"Clique de 7 dias ou visualização de 1 dia",,,,0,0,,5.37,Diário,0,Contínuo,0,0,,,,0,0,0,,,,
2026-09-01,2026-09-24,"Post do Instagram: 💸 Dois infoprodutores, mesmo...",inactive,"Clique de 7 dias ou visualização de 1 dia",,,,0,0,,5.37,Diário,0,Contínuo,0,0,,,,0,0,0,,,,
2026-09-01,2026-09-24,"Post do Instagram: 💡 Você vende curso ou eBook?...",inactive,"Clique de 7 dias ou visualização de 1 dia",,,,0,0,,5.37,Diário,0,Contínuo,0,0,,,,0,0,0,,,,
2026-09-01,2026-09-24,"CADASTRO - INFO - 02/10/25",inactive,"Clique de 7 dias ou visualização de 1 dia",,,,0,0,,"Usando o orçamento do conjunto de anúncios",0,0,Contínuo,0,0,,,,0,0,0,,,,
2026-09-01,2026-09-24,"Anúncio de Visitas ao perfil do Instagram: 🎓 Infoprodutor, sabia que pode estar pagando...",inactive,"Clique de 7 dias ou visualização de 1 dia",,,,0,0,,5.39,Diário,0,Contínuo,0,0,,,,0,0,0,,,,
